USE proyecto_final;
--

INSERT INTO idioma VALUES('Inglés');
INSERT INTO idioma VALUES('Español');
INSERT INTO relieve VALUES('Montañoso','Tierras elevadas irregulares');
INSERT INTO relieve VALUES('Llano','Tierras regulares');
INSERT INTO cuerpo_de_agua VALUES('Río Orinoco', '8°34′N 60°30′O', 5, 2140, 100);
INSERT INTO cuerpo_de_agua VALUES('Lago de Maracaibo', '09°48′57″N 71°33′24″W', 13512, 210, 35);
INSERT INTO ser_vivo VALUES('Gato', 'UwU', 'LC', 'Animalia', 'Chordata', 'Mammalia', 'Carnivora', 'Felidae', 'Felis', 'silvestris');
INSERT INTO ser_vivo VALUES('Perro', 'UwU', 'LC', 'Animalia', 'Chordata', 'Mammalia', 'Carnivora', 'Canidae', 'Canis', 'familiaris');

-- INSERT INTO territorio (tipo,nombre,ubicacion,superficie,nro_habitantes,clima,territorio_capital_id) VALUES ('Ciudad', 'Caracas', '10.4806° N, 66.9036° W', 433, 2082000, 'Tropical', null);
-- INSERT INTO territorio_tiene_relieve (territorio_id,relieve_tipo) VALUES (1, 'Llano');
-- INSERT INTO territorio_tiene_relieve (territorio_id,relieve_tipo) VALUES (1, 'Montañoso');
-- INSERT INTO territorio_tiene_cuerpo_de_agua (territorio_id,cuerpo_de_agua_nombre) VALUES (1, 'Río Orinoco');
-- INSERT INTO territorio_tiene_ser_vivo (territorio_id,ser_vivo_genero,ser_vivo_especie) VALUES (1, 'Canis', 'familiaris');
-- INSERT INTO territorio_tiene_ser_vivo (territorio_id,ser_vivo_genero,ser_vivo_especie) VALUES (1, 'Felis', 'silvestris');
-- INSERT INTO idioma_es_utilizado_en_territorio (idioma_nombre ,territorio_id ,porcentaje ,oficial) VALUES ('Español', 1, 99.0, 1);
-- INSERT INTO idioma_es_utilizado_en_territorio (idioma_nombre ,territorio_id ,porcentaje ,oficial) VALUES ('Inglés', 1, 1.0, 0);
-- INSERT INTO gentilicio (nombre , territorio_id ) VALUES ('Caraqueño', 1);

INSERT INTO territorio (tipo,nombre,ubicacion,superficie,nro_habitantes,clima,territorio_capital_id) VALUES ('Ciudad', 'Caracas', '10.4806° N, 66.9036° W', 433, 2082000, 'Tropical', null);
INSERT INTO territorio_tiene_relieve (territorio_id,relieve_tipo) VALUES (1, 'Llano');
INSERT INTO territorio_tiene_relieve (territorio_id,relieve_tipo) VALUES (1, 'Montañoso');
INSERT INTO territorio_tiene_cuerpo_de_agua (territorio_id,cuerpo_de_agua_nombre) VALUES (1, 'Río Orinoco');
INSERT INTO territorio_tiene_ser_vivo (territorio_id,ser_vivo_genero,ser_vivo_especie) VALUES (1, 'Canis', 'familiaris');
INSERT INTO territorio_tiene_ser_vivo (territorio_id,ser_vivo_genero,ser_vivo_especie) VALUES (1, 'Felis', 'silvestris');
INSERT INTO idioma_es_utilizado_en_territorio (idioma_nombre ,territorio_id ,porcentaje ,oficial) VALUES ('Español', 1, 99.0, 1);
INSERT INTO idioma_es_utilizado_en_territorio (idioma_nombre ,territorio_id ,porcentaje ,oficial) VALUES ('Inglés', 1, 1.0, 0);
INSERT INTO gentilicio (nombre , territorio_id ) VALUES ('Caraqueño', 1);
INSERT INTO territorio (tipo,nombre,ubicacion,superficie,nro_habitantes,clima,territorio_capital_id) VALUES ('Ciudad', 'La Guaira', '0°36′0″N 66°55′59″W', 30, 270792, 'Caluroso', null);
INSERT INTO territorio_tiene_relieve (territorio_id,relieve_tipo) VALUES (2, 'Llano');
INSERT INTO territorio_tiene_relieve (territorio_id,relieve_tipo) VALUES (2, 'Montañoso');
INSERT INTO territorio_tiene_cuerpo_de_agua (territorio_id,cuerpo_de_agua_nombre) VALUES (2, 'Río Orinoco');
INSERT INTO territorio_tiene_ser_vivo (territorio_id,ser_vivo_genero,ser_vivo_especie) VALUES (2, 'Canis', 'familiaris');
INSERT INTO territorio_tiene_ser_vivo (territorio_id,ser_vivo_genero,ser_vivo_especie) VALUES (2, 'Felis', 'silvestris');
INSERT INTO idioma_es_utilizado_en_territorio (idioma_nombre ,territorio_id ,porcentaje ,oficial) VALUES ('Español', 2, 100.0, 0);
INSERT INTO gentilicio (nombre , territorio_id ) VALUES ('Guairense', 2);
INSERT INTO territorio (tipo,nombre,ubicacion,superficie,nro_habitantes,clima,territorio_capital_id) VALUES ('País', 'Colombia', '4°35′N 74°4′W', 1141748, 49336454, 'Cálido Templado', null);
INSERT INTO territorio_tiene_relieve (territorio_id,relieve_tipo) VALUES (3, 'Llano');
INSERT INTO territorio_tiene_relieve (territorio_id,relieve_tipo) VALUES (3, 'Montañoso');
INSERT INTO territorio_tiene_cuerpo_de_agua (territorio_id,cuerpo_de_agua_nombre) VALUES (3, 'Río Orinoco');
INSERT INTO territorio_tiene_ser_vivo (territorio_id,ser_vivo_genero,ser_vivo_especie) VALUES (3, 'Canis', 'familiaris');
INSERT INTO territorio_tiene_ser_vivo (territorio_id,ser_vivo_genero,ser_vivo_especie) VALUES (3, 'Felis', 'silvestris');
INSERT INTO idioma_es_utilizado_en_territorio (idioma_nombre ,territorio_id ,porcentaje ,oficial) VALUES ('Español', 3, 50.0, 1);
INSERT INTO idioma_es_utilizado_en_territorio (idioma_nombre ,territorio_id ,porcentaje ,oficial) VALUES ('Inglés', 3, 50.0, 0);
INSERT INTO gentilicio (nombre , territorio_id ) VALUES ('Colombiano', 3);
INSERT INTO gentilicio (nombre , territorio_id ) VALUES ('Colombiana', 3);
INSERT INTO territorio (tipo,nombre,ubicacion,superficie,nro_habitantes,clima,territorio_capital_id) VALUES ('País', 'Venezuela', '6.4238° N, 66.5897° W', 916445, 30518260, 'Tropical', null);
INSERT INTO territorio_tiene_relieve (territorio_id,relieve_tipo) VALUES (4, 'Llano');
INSERT INTO territorio_tiene_relieve (territorio_id,relieve_tipo) VALUES (4, 'Montañoso');
INSERT INTO territorio_tiene_cuerpo_de_agua (territorio_id,cuerpo_de_agua_nombre) VALUES (4, 'Lago de Maracaibo');
INSERT INTO territorio_tiene_cuerpo_de_agua (territorio_id,cuerpo_de_agua_nombre) VALUES (4, 'Río Orinoco');
INSERT INTO territorio_tiene_ser_vivo (territorio_id,ser_vivo_genero,ser_vivo_especie) VALUES (4, 'Canis', 'familiaris');
INSERT INTO territorio_tiene_ser_vivo (territorio_id,ser_vivo_genero,ser_vivo_especie) VALUES (4, 'Felis', 'silvestris');
INSERT INTO idioma_es_utilizado_en_territorio (idioma_nombre ,territorio_id ,porcentaje ,oficial) VALUES ('Español', 4, 100.0, 0);
INSERT INTO gentilicio (nombre , territorio_id ) VALUES ('Venezolano', 4);
INSERT INTO gentilicio (nombre , territorio_id ) VALUES ('Venezolana', 4);
INSERT INTO territorio_subdivide_en_territorio (territorio_id,territorio_id1) VALUES (4, 1);
INSERT INTO territorio_subdivide_en_territorio (territorio_id,territorio_id1) VALUES (4, 2);
INSERT INTO territorio_linda_con_territorio (territorio_id,territorio_id1) VALUES (4, 3);
INSERT INTO territorio_linda_con_territorio (territorio_id,territorio_id1) VALUES (3, 4);
